T,E
1.0725160833390053,-2.0
1.2144073285207369,-2.0
1.1288450352339177,-2.0
1.0225066104282639,-2.0
1.439612242543238,-1.9375
1.2935339313416039,-2.0
1.2754825203077662,-1.96875
1.3621827321909996,-1.96875
1.3262722460777636,-1.96875
1.0412198905136898,-2.0
1.215035865299864,-2.0
1.3831181434301645,-1.9375
1.4524585420318474,-1.9375
1.047485762119813,-2.0
1.3862193135065186,-1.90625
1.4670468838984954,-2.0
1.3684167864644565,-2.0
1.4138512095209546,-2.0
1.4274762355652213,-2.0
1.4902196119932805,-2.0
1.147047427403635,-2.0
1.3369865861315,-1.96875
1.294861950643404,-1.96875
1.4259491558014246,-2.0
1.0691984086307749,-1.96875
1.026098810097003,-2.0
1.112275161672668,-1.96875
1.12650144082102,-2.0
1.4449674410092541,-2.0
1.4600284620657507,-2.0
1.1554151595473028,-2.0
1.3610539284302738,-2.0
1.068051545227509,-2.0
1.0927273742535109,-2.0
1.3015530934988004,-2.0
1.3541686954029455,-1.953125
1.3498439331854666,-1.96875
1.2152643748438983,-2.0
1.3107162747034429,-1.96875
1.3490704764435915,-1.96875
1.2796847129060989,-2.0
1.0829249430297083,-2.0
1.4635501807928764,-1.90625
1.2056380719700768,-2.0
1.039024431390946,-2.0
1.4531627401830485,-2.0
1.3636358023786623,-2.0
1.057298702810121,-2.0
1.0584829369714335,-2.0
1.066446071759628,-1.96875
1.1209457624217332,-2.0
1.2622618853196992,-1.96875
1.150290175887477,-1.96875
1.4293419028034153,-2.0
1.0200884466502582,-2.0
1.2350729430628156,-2.0
1.1316933206169821,-2.0
1.121203678976954,-2.0
1.1059703967018852,-2.0
1.360343386055685,-1.96875
1.2237155806498305,-2.0
1.1729335926494846,-1.671875
1.320078937148118,-1.9375
1.3791774559324321,-2.0
1.4947249650383694,-1.859375
1.1015926351219545,-2.0
1.3232684328800997,-1.96875
1.4388168793504186,-1.96875
1.3738597540625557,-2.0
1.266531273121022,-1.96875
1.4057716347418234,-2.0
1.2909002186463283,-1.953125
1.4143241192256566,-2.0
1.2794681343254402,-2.0
1.0621691665777044,-2.0
1.1586840864136132,-2.0
1.299413034237766,-1.96875
1.1640934486212682,-2.0
1.2031786294695248,-2.0
1.0786295522912037,-1.96875
1.4964457071141142,-1.96875
1.1306096535111434,-1.96875
1.0932372066454183,-2.0
1.2554046601674176,-2.0
1.196388002514482,-1.96875
1.2135335886579848,-2.0
1.2723655434706633,-2.0
1.3340918660007426,-2.0
1.4378474428768546,-2.0
1.2848259092198164,-2.0
1.2864093754295935,-2.0
1.4838289315761148,-1.96875
1.0899980925591788,-2.0
1.1135197017773604,-2.0
1.0854582702637636,-2.0
1.1964921151032473,-1.96875
1.288720076356955,-2.0
1.2041604558282126,-2.0
1.0906413365982097,-2.0
1.4989099108382566,-1.96875
1.3086420504591523,-2.0
1.399754371102509,-1.921875
1.1411103820097857,-1.96875
1.1612486691461852,-2.0
1.4493330911838689,-1.90625
1.4646955541501159,-1.890625
1.4487370223556812,-1.9375
1.1184681269834955,-2.0
1.2663022352790432,-2.0
1.1755342010526055,-2.0
1.1725936782796653,-2.0
1.2323048650629334,-2.0
1.3991843670291435,-2.0
1.09616856739324,-2.0
1.3723938575580068,-2.0
1.3420247020476752,-1.96875
1.4051858228126841,-1.96875
1.4082804673687361,-1.96875
1.3108624585467707,-1.96875
1.0671023836061186,-2.0
1.3043468963757063,-1.96875
1.3358201809007675,-1.96875
1.3929252937086698,-2.0
1.2125063834008845,-2.0
1.4160967593969784,-2.0
1.3060614837797015,-1.921875
1.1772490037619094,-2.0
1.2666107978322616,-2.0
1.4407258655404869,-1.96875
1.1013206441792394,-2.0
1.2147506030893676,-2.0
1.2287955441000138,-1.9375
1.281783249957649,-2.0
1.2340550814533906,-2.0
1.090272419999923,-2.0
1.1264542569094955,-2.0
1.4999741616165054,-1.96875
1.359436758425724,-1.921875
1.3955287607073175,-2.0
1.1936207221066055,-2.0
1.1877064007379625,-1.96875
1.049853484946686,-1.96875
1.3810861345288439,-2.0
1.011300413168306,-1.96875
1.042198375795827,-2.0
1.0989424996441666,-2.0
1.1035473237350153,-2.0
1.3041369071353053,-2.0
1.1486304468077857,-2.0
1.409217559647641,-2.0
1.488321755564915,-1.9375
1.3528650578600465,-2.0
1.2500141356472296,-2.0
1.0929097196093827,-2.0
1.3184885250613763,-1.96875
1.007243809054051,-2.0
1.395170237749436,-1.9375
1.10392311916247,-2.0
1.1963229412356762,-1.96875
1.3580400523838196,-2.0
1.1020287186204563,-2.0
1.1104239945670744,-2.0
1.1142639049647256,-2.0
1.3613773951545671,-1.90625
1.1557435117778516,-1.96875
1.3843462553749681,-1.96875
1.1159402726058487,-1.96875
1.4357664921254092,-1.96875
1.3885856270678345,-1.96875
1.3591710540743578,-1.96875
1.0082626570363507,-1.96875
1.437248520027509,-2.0
1.3220141723621797,-1.953125
1.079323001183233,-2.0
1.0532918128245878,-2.0
1.113460980878357,-2.0
1.3653109430088377,-1.9375
1.0043776588375237,-2.0
1.2370972057174119,-2.0
1.0701563077773826,-2.0
1.2760399188357359,-2.0
1.1352897518454812,-2.0
1.4859935622807106,-1.96875
1.3066261376648494,-2.0
1.3755702795911766,-1.96875
1.4058646958713146,-2.0
1.3689204630388274,-1.96875
1.054817506116569,-2.0
1.3026846214288947,-2.0
1.0279204257003696,-2.0
1.1471792877799216,-2.0
1.219080724781853,-1.96875
1.4300840067134704,-1.96875
1.2052789260258965,-2.0
1.4455477472098077,-1.96875
1.118060870001177,-2.0
1.3273515457132874,-1.921875
1.3963276666875375,-2.0
1.402472957953941,-1.9375
1.088045969165252,-2.0
1.2686468347080486,-2.0
1.1777841631211425,-2.0
1.1377275003613971,-2.0
1.4055476315192637,-1.9375
1.3877718749189059,-2.0
1.1701104008095435,-2.0
1.3942827195846026,-1.96875
1.4637743792589855,-1.96875
1.4188322679605896,-1.875
1.3526420759403275,-1.96875
1.1311697420906996,-2.0
1.3975910887291765,-1.9375
1.3200469291320511,-1.96875
1.02154799997989,-2.0
1.1384401119504428,-2.0
1.0988906979288453,-2.0
1.0399510414136452,-2.0
1.2018839249995976,-2.0
1.253807042093253,-2.0
1.2683247918906568,-2.0
1.153288486119959,-1.96875
1.2948434349614169,-1.96875
1.3715069718191997,-2.0
1.1295984185838521,-2.0
1.1669922360763612,-1.96875
1.1307195185908494,-2.0
1.2749192834770704,-1.96875
1.3659389581553865,-1.96875
1.2379903098295812,-1.921875
1.2472362157375172,-2.0
1.4865464330682048,-1.96875
1.2750437508719106,-1.921875
1.2029516209060527,-1.96875
1.3525372291595674,-1.96875
1.2442383627247193,-1.609375
1.2035827007958562,-2.0
1.1466583252310478,-2.0
1.4498330932140704,-2.0
1.2692427063798015,-1.96875
1.137405427351306,-2.0
1.2919649448914745,-1.9375
1.1490899593841606,-1.96875
1.0742344011244007,-2.0
1.0032282000209443,-2.0
1.2518693705274049,-2.0
1.1523741926661666,-2.0
1.1240722503555443,-2.0
1.186264135987583,-2.0
1.2609651771172268,-2.0
1.1032940117814032,-2.0
1.1332018503842225,-1.96875
1.1068582035663952,-2.0
1.1910476006201218,-1.96875
1.4089458476497256,-1.96875
1.1477932412641603,-1.96875
1.4707223648213308,-1.96875
1.4098879344278314,-1.9375
1.397616495244598,-1.96875
1.2096609318466531,-1.640625
1.1395982594957619,-2.0
1.357904373592278,-1.96875
1.2684851954249203,-2.0
1.0874153725303504,-1.9375
1.1396370772909514,-2.0
1.1516586917112877,-2.0
1.0254966666075784,-1.71875
1.3484604584125437,-1.953125
1.3523806790488773,-2.0
1.1690106090764187,-2.0
1.0227140012858968,-2.0
1.4378148050609771,-1.890625
1.0253221600621052,-2.0
1.418884417202518,-1.96875
1.2332522062487938,-2.0
1.368473480902754,-2.0
1.3376532501980969,-2.0
1.1191781630075528,-1.96875
1.2007529291210735,-2.0
1.0301821902719301,-2.0
1.428054599707327,-1.96875
1.482606325551778,-2.0
1.298015053995036,-1.96875
1.4087221152042972,-1.96875
1.2241960558535743,-2.0
1.2345460793376366,-1.96875
1.1207877649064018,-2.0
1.4834875350751366,-1.953125
1.0807207145973465,-1.671875
1.0484096641553857,-2.0
1.2271552275589435,-1.9375
1.2823875220630345,-2.0
1.0693297623167313,-1.96875
1.1670878916001004,-2.0
1.2244878807677755,-2.0
1.2295690552816718,-1.96875
1.290508145906072,-1.96875
1.4287193097121906,-1.96875
1.324960908247029,-1.96875
1.0085612228776741,-2.0
1.4791398557125226,-1.96875
1.3327743542268033,-1.96875
1.0470984167104795,-2.0
1.485811425429337,-1.90625
1.137377928960962,-1.96875
1.0051606240815232,-2.0
1.1763771135313024,-2.0
1.3201705733625695,-2.0
1.4991436245567946,-1.96875
1.1422366114855005,-2.0
1.276798505778578,-1.9375
1.4640160075712745,-2.0
1.4794633198655636,-1.90625
1.139333269731227,-1.84375
1.3024695950172345,-2.0
1.405754926442203,-1.90625
1.3362192567436126,-1.9375
1.0606203744207747,-1.640625
1.4622014957876157,-1.953125
1.2867952458511889,-1.953125
1.093264024151937,-2.0
1.050519062574038,-2.0
1.3960869771597557,-1.96875
1.2242900712871423,-1.96875
1.4096668543082325,-2.0
1.2068049317544138,-2.0
1.2752970882626542,-1.828125
1.1172546772062106,-2.0
1.274764583440767,-1.96875
1.2305935165810395,-2.0
1.4038270610689385,-1.953125
1.0399804656033493,-2.0
1.303777054496618,-1.9375
1.3861592788354131,-2.0
1.272027715291176,-1.96875
1.1557102478684682,-2.0
1.353968585256196,-2.0
1.3509865662882423,-1.96875
1.19119798092591,-1.96875
1.125842834358444,-1.96875
1.1768638291843514,-2.0
1.4448405792591912,-1.96875
1.4677417761174247,-1.96875
1.108602484374227,-1.96875
1.2647199911167881,-1.96875
1.0610826504774373,-2.0
1.1454145245348724,-2.0
1.2969816473910294,-1.96875
1.3153363197748333,-1.9375
1.0216904744045592,-2.0
1.2113487618589376,-2.0
1.2338829423292936,-1.96875
1.3141415291312506,-1.90625
1.4346203709576333,-2.0
1.3424426431674608,-1.96875
1.1271415107443197,-2.0
1.2475013219433746,-2.0
1.0681014673284277,-2.0
1.104471596051964,-1.953125
1.4368063240459512,-1.96875
1.3910051234964882,-2.0
1.3480231190439071,-1.96875
1.4725933347486868,-1.96875
1.088661163937266,-2.0
1.2856608421087874,-1.96875
1.3449654555027322,-1.96875
1.0696759733047168,-2.0
1.249611934756366,-2.0
1.021616459431424,-2.0
1.0181392269893244,-2.0
1.204311674280875,-1.65625
1.1212911424177994,-1.96875
1.0150296667241339,-2.0
1.3628635557001276,-1.875
1.1417220528758518,-2.0
1.026980883237463,-2.0
1.426518035125008,-2.0
1.0855590915172466,-2.0
1.1716758653424764,-2.0
1.4892320793660414,-1.96875
1.2416380514282535,-2.0
1.0302694538903485,-2.0
1.2221965870806197,-2.0
1.2334277438752923,-2.0
1.3027568375358722,-1.9375
1.240505701984588,-1.96875
1.2138383672505872,-2.0
1.1235848455461044,-1.6875
1.436732788074214,-2.0
1.1116000504369843,-1.9375
1.23163747888179,-1.96875
1.2725160311130863,-1.96875
1.1457452660827752,-2.0
1.195365646902109,-2.0
1.379322887404927,-1.9375
1.1209292922877432,-2.0
1.4050748400479964,-1.9375
1.4629363851773594,-1.96875
1.0076295632041257,-2.0
1.2313441125882725,-1.96875
1.0115198993625354,-2.0
1.4354955667938056,-1.96875
1.2814108468411054,-2.0
1.0067581162185322,-2.0
1.0565719180065496,-2.0
1.4084463907107097,-2.0
1.0929969216078088,-2.0
1.266983996867486,-1.96875
1.1747297467997777,-2.0
1.1923994023907436,-1.96875
1.4905874962428203,-1.9375
1.4229471205875104,-1.90625
1.2428621185569286,-2.0
1.0104052308319051,-2.0
1.1278086410991692,-2.0
1.2214115415338664,-2.0
1.3311394508679828,-1.9375
1.2763810542244751,-2.0
1.3864731701513093,-1.90625
1.1798481611557277,-2.0
1.073701883959918,-2.0
1.3283103861654564,-1.96875
1.0347736958395446,-2.0
1.240501265393848,-2.0
1.3204155182412531,-1.96875
1.2307339546912828,-2.0
1.4088462601857954,-1.96875
1.2905727689087545,-1.96875
1.3690131342277572,-2.0
1.3420471812520638,-1.65625
1.1648766745746688,-2.0
1.3567302235201282,-1.96875
1.1423619526831439,-1.96875
1.2463548875553752,-1.9375
1.1062137908215415,-2.0
1.1607846510434192,-1.96875
1.3695702216499517,-1.96875
1.1695540689637345,-2.0
1.1622437521292432,-2.0
1.0773370901164125,-2.0
1.3517075296911432,-1.9375
1.3847779543699585,-2.0
1.1202435940384659,-1.96875
1.2166692083522799,-2.0
1.368153686709304,-1.96875
1.1657662665829425,-1.96875
1.28495489188842,-1.96875
1.2519738421330773,-1.96875
1.2089517971373318,-2.0
1.1704711231503961,-2.0
1.1234007994393627,-2.0
1.4112810443704578,-1.9375
1.0023248306715913,-2.0
1.0992619863984814,-2.0
1.288433561123375,-2.0
1.065043865692127,-2.0
1.0743539034768699,-2.0
1.4246060574156623,-1.90625
1.106275552540921,-2.0
1.2234382382006634,-1.9375
1.045507127583235,-2.0
1.1558508940489498,-1.96875
1.4238883186245042,-2.0
1.26246416392211,-1.96875
1.3014035229696985,-2.0
1.3362384428752119,-1.9375
1.276736801704166,-1.96875
1.4210929755836748,-1.96875
1.011742086558544,-2.0
1.0238268280261216,-2.0
1.0146719387192684,-2.0
1.2081632832832665,-2.0
1.1020671554625374,-1.96875
1.2725823455502174,-2.0
1.0894451956326896,-1.96875
1.3968403792601034,-1.96875
1.3726314253236287,-2.0
1.4343777344719932,-1.96875
1.098171458180422,-1.96875
1.1704493949130694,-1.953125
1.1150711859737812,-2.0
1.388392282827874,-1.90625
1.3515560616501965,-2.0
1.4788048000479068,-1.953125
1.1243142412212779,-2.0
1.036507928069811,-2.0
1.2704951443627583,-1.96875
1.0124738360339758,-2.0
1.2097889542853815,-1.96875
1.215709151203489,-2.0
1.1449198484822927,-1.96875
1.2778835200128613,-2.0
1.2515517059581827,-1.96875
1.0381804405224626,-2.0
1.2716922493485798,-2.0
1.479924542743834,-1.9375
1.124118764564905,-2.0
1.00189237914437,-2.0
1.2209483226355697,-2.0
1.1973606392949239,-2.0
1.2074739381259945,-2.0
1.0382905322680327,-2.0
1.3873483537535376,-1.96875
1.3064070504598373,-1.640625
1.479157756160741,-1.859375
1.1144888069682848,-2.0
1.3595019396241095,-2.0
1.137757192904553,-2.0
1.212562599112189,-2.0
1.0814615443062647,-2.0
1.3365564624916995,-2.0
1.028618049421961,-2.0
1.3888575892722725,-2.0
1.3326554907257746,-2.0
1.313108118225721,-2.0
1.3689250328145306,-1.96875
1.34785599635575,-2.0
1.064246574392868,-2.0
1.434871536017772,-2.0
1.2789969033945834,-2.0
1.0754797686175188,-2.0
1.112394742738925,-2.0
1.428933337596409,-1.953125
1.3548951328608805,-1.953125
1.0979263460049065,-1.5625
1.4077737784905577,-1.96875
1.489699752683298,-1.96875
1.2011235784483194,-2.0
1.2456113387998622,-2.0
1.4992975021468706,-1.890625
1.32195248303902,-2.0
1.431498787252872,-1.90625
1.1158420543853411,-1.96875
1.1645694168541738,-1.96875
1.40593556937019,-1.96875
1.182182847255548,-1.953125
1.3159108784639177,-1.9375
1.3415517512475943,-1.96875
1.375786988865194,-1.96875
1.4329434676037156,-1.953125
1.188410658995437,-1.96875
1.1027232505915794,-2.0
1.2938352265922004,-1.921875
1.1252752450863839,-2.0
1.2572841794995144,-2.0
1.0203835599735442,-2.0
1.4166311061339665,-2.0
1.456627725171141,-1.9375
1.0616119453513413,-2.0
1.3328397585459704,-2.0
1.418650425237841,-1.9375
1.0771967887781477,-2.0
1.4043999994552496,-1.9375
1.3306609765806698,-1.96875
1.4309912910813176,-1.96875
1.131948239003301,-2.0
1.3750630877643395,-1.9375
1.2198704411452883,-1.96875
1.4191491112807957,-2.0
1.3964794715241016,-1.859375
1.2896022223479036,-2.0
1.1355927461273665,-2.0
1.3454004185987394,-1.921875
1.1711160442733433,-2.0
1.4733317562089732,-1.96875
1.2864828746673613,-1.96875
1.4747182521545283,-1.96875
1.4620220899407992,-1.96875
1.1261704399352146,-2.0
1.2251098770001851,-1.640625
1.2756398302388925,-1.96875
1.072237360028248,-2.0
1.3384607478145611,-2.0
1.271182664162093,-1.96875
1.1880705496152835,-2.0
1.2694132707949282,-1.96875
1.0012524553053246,-2.0
1.448871167986807,-1.96875
1.3196173468506218,-2.0
1.2207886433708965,-1.96875
1.1378230091890706,-2.0
1.2759133988207645,-1.90625
1.3594616101172026,-2.0
1.4648263746859804,-2.0
1.41423179022883,-1.921875
1.1462600496764543,-2.0
1.3659975064397865,-2.0
1.3340426888251922,-1.96875
1.0926607145441958,-1.96875
1.2795206270083856,-2.0
1.4947965136703634,-1.96875
1.2412139249862855,-2.0
1.275191481937162,-2.0
1.1171945804243009,-2.0
1.4455409275093791,-1.90625
1.4832867730332464,-2.0
1.093332123571146,-2.0
1.0113329947289196,-1.96875
1.16787389987958,-2.0
1.0031961082008158,-2.0
1.2252001444094685,-1.9375
1.3083708425009417,-2.0
1.4902566539533815,-1.96875
1.409296047034296,-1.96875
1.1838635722843516,-1.59375
1.1554435299161228,-1.96875
1.4423769634862802,-2.0
1.082931649680487,-2.0
1.102414321447847,-2.0
1.4364262670700645,-2.0
1.1407068069056343,-2.0
1.0099003599621046,-2.0
1.0790841417915529,-2.0
1.3159679533577389,-2.0
1.1605265326147618,-1.625
1.1175243105987098,-2.0
1.0500711261294589,-2.0
1.1735401857584116,-2.0
1.27991887082984,-1.96875
1.2989568048392963,-1.90625
1.1839740655743507,-2.0
1.4357966179280794,-1.921875
1.0863498866297774,-2.0
1.0775550175986361,-2.0
1.4335622549547828,-2.0
1.4484048494672126,-1.9375
1.291419179236695,-2.0
1.3053110223577602,-1.96875
1.1770215695233768,-2.0
1.373581833967233,-1.96875
1.1844465127201818,-2.0
1.3108395241093074,-2.0
1.3690794255199816,-1.9375
1.3483927282173416,-1.65625
1.331906445482701,-1.9375
1.374422435485817,-1.96875
1.420103047801162,-1.90625
1.2204151044783353,-2.0
1.327304313068309,-1.96875
1.1802088328510207,-2.0
1.2903740184451205,-1.96875
1.0098985689289042,-1.96875
1.4028567315360667,-2.0
1.0878521775868686,-2.0
1.0043337093343434,-2.0
1.2726913843560683,-1.9375
1.3548574745259585,-1.96875
1.4481956045887667,-2.0
1.2471547450902927,-2.0
1.221536303124931,-2.0
1.0957543342601763,-2.0
1.134600356355673,-2.0
1.4078506818194807,-2.0
1.3111869782569805,-2.0
1.162133462853555,-1.96875
1.0142050419038036,-2.0
1.3477567625781712,-2.0
1.4959345486372886,-1.921875
1.430816665645261,-1.96875
1.434304295680139,-2.0
1.0876260920340561,-1.65625
1.0275916163892733,-2.0
1.2926875679459615,-2.0
1.0245278086733776,-2.0
1.3809190541978262,-2.0
1.4606111226149538,-2.0
1.0988804313185718,-1.96875
1.0922773239262604,-1.96875
1.4380036009831465,-1.9375
1.0860400323431316,-2.0
1.1796535163875248,-1.703125
1.2288017339354067,-2.0
1.4358816461772064,-1.96875
1.2196861559413303,-2.0
1.0241946151991628,-2.0
1.1089015376459632,-2.0
1.0932011964639146,-2.0
1.2340567467864316,-2.0
1.1595863266163695,-2.0
1.4402034645604505,-1.90625
1.2835893234629077,-2.0
1.464125061283179,-2.0
1.4825686332420966,-1.96875
1.0406476898976704,-2.0
1.256593871590828,-2.0
1.0705954759254432,-2.0
1.1385774792428758,-2.0
1.2499504342287955,-2.0
1.4199403333155232,-2.0
1.0723645897792544,-2.0
1.379125314936243,-2.0
1.412726656210419,-2.0
1.190991584357496,-2.0
1.364645322857804,-1.96875
1.4752418676552264,-1.90625
1.1854510588959433,-2.0
1.231987525010396,-2.0
1.3366615680549985,-1.96875
1.148332619392867,-2.0
1.3826874538714158,-2.0
1.2910124912145722,-1.96875
1.2756380873660702,-2.0
1.4185249247712926,-1.875
1.2508206264724415,-1.96875
1.3830795292509062,-1.96875
1.2557083105806184,-1.96875
1.3829649799991577,-2.0
1.2733057561447123,-2.0
1.3915173181236895,-2.0
1.4179699646832251,-2.0
1.2527154790205592,-1.96875
1.0212083207890401,-2.0
1.1970240563276657,-2.0
1.320146029193424,-2.0
1.387493596811004,-1.9375
1.0280319664623345,-2.0
1.4631885897305996,-1.96875
1.300856116230729,-2.0
1.288196509610127,-1.96875
1.385472249451405,-1.859375
1.179080574470492,-2.0
1.3357931126539326,-2.0
1.3479825018421214,-2.0
1.2409068907642744,-2.0
1.0808683219109556,-2.0
1.1330781004735766,-2.0
1.3935297736596823,-2.0
1.314982812818179,-2.0
1.3533371932912275,-2.0
1.4572003905685667,-1.96875
1.2419068721633,-1.96875
1.2426235992772512,-2.0
1.3622994794370138,-1.921875
1.2503211094699773,-2.0
1.4805486278838624,-1.9375
1.3131833318647992,-2.0
1.1882810923458678,-1.96875
1.3859304997790742,-2.0
1.2334939672120848,-2.0
1.2906163619563367,-2.0
1.1895676178822676,-2.0
1.3213875659519787,-1.96875
1.0387366300809648,-2.0
1.3884309133056827,-1.9375
1.3654404472119521,-1.96875
1.431139106382647,-1.921875
1.4318739669988734,-1.921875
1.2046200945119432,-2.0
1.2958075071475808,-2.0
1.102819592617915,-2.0
1.2730644417441044,-2.0
1.4320908555969036,-1.96875
1.401699257764659,-1.9375
1.0305355403633287,-2.0
1.4077579014753765,-1.890625
1.4557137632797559,-2.0
1.3335135989618645,-2.0
1.279015778255181,-1.96875
1.2700148323307963,-1.96875
1.1367100423686909,-2.0
1.4612442517303186,-1.96875
1.378160697602532,-1.90625
1.0975398342695686,-1.65625
1.0514582619094992,-1.96875
1.025250765311063,-2.0
1.3600649134539724,-1.96875
1.0616252281300314,-2.0
1.3039847626419894,-1.96875
1.0100032229834517,-2.0
1.0139394886396556,-1.96875
1.2584854308769629,-2.0
1.1264401107955264,-2.0
1.1531292093122425,-2.0
1.3577962010392033,-2.0
1.272671646160366,-2.0
1.2832968507815923,-1.96875
1.12166508167784,-2.0
1.0831530104078693,-2.0
1.0259262402774654,-2.0
1.2945728585592085,-2.0
1.3830077796088895,-1.890625
1.1437038157205277,-2.0
1.0242308741477086,-2.0
1.089474713092812,-1.65625
1.4210028144702265,-1.96875
1.2753783770031317,-2.0
1.4123476678595044,-2.0
1.029877361822694,-1.96875
1.4228032963034583,-2.0
1.0998263648722675,-2.0
1.0270652023084812,-2.0
1.437676618899394,-2.0
1.1617271116409553,-2.0
1.2232925751742676,-2.0
1.023994681274123,-2.0
1.2109675363869186,-2.0
1.1386493086765497,-2.0
1.2840437227290291,-1.96875
1.0278664992225024,-2.0
1.2840467756823513,-1.96875
1.0153584580500832,-2.0
1.4421826112567546,-1.921875
1.0341534035656357,-1.96875
1.4331245090268712,-1.96875
1.470141522623403,-2.0
1.483454628417383,-1.96875
1.3940781476455149,-1.96875
1.3583778809015417,-2.0
1.2836409109174711,-1.96875
1.00257069485095,-2.0
1.1819427177628434,-2.0
1.2468802357667161,-2.0
1.0370242861535286,-2.0
1.1303561091281726,-2.0
1.1583923848480968,-2.0
1.055743530843003,-2.0
1.4116360638862835,-1.640625
1.2982024976964268,-2.0
1.306327067706174,-1.96875
1.2872215223322157,-1.96875
1.4980388470952266,-1.90625
1.252337906723933,-2.0
1.4376765300398198,-2.0
1.1502867696577381,-2.0
1.0957614193012117,-2.0
1.3999146679258971,-1.96875
1.0753127530190312,-2.0
1.4444100130863562,-1.96875
1.0424365577200705,-2.0
1.1378553130179836,-2.0
1.2205306415530743,-1.96875
1.3934673796577919,-2.0
1.4405089951913075,-1.96875
1.0170146506382105,-2.0
1.0570426375629625,-2.0
1.3315321710135604,-1.96875
1.1009667787365816,-2.0
1.4097928341894237,-2.0
1.4083689891056632,-1.953125
1.0498888901679728,-2.0
1.0890940801552356,-2.0
1.3076012439504656,-2.0
1.1397749950823006,-2.0
1.2493823294380555,-1.96875
1.2327153045966943,-2.0
1.4376180432375805,-1.96875
1.0773250370215977,-1.671875
1.4134378399579126,-2.0
1.3914506051180107,-1.953125
1.1507978791514208,-2.0
1.0367435380678305,-2.0
1.1618477792341073,-2.0
1.2852340194416505,-1.96875
1.3875185567111012,-1.96875
1.2466632200190984,-2.0
1.4693669322215779,-2.0
1.3179137517713853,-2.0
1.308001037033816,-1.96875
1.3789765052774499,-2.0
1.3318902517954285,-2.0
1.4744143363276252,-2.0
1.4682415075901851,-1.96875
1.380486085927447,-1.96875
1.4282755653630081,-1.96875
1.1693458536105528,-1.96875
1.160584870139021,-1.96875
1.2457436444235108,-2.0
1.009140353442065,-2.0
1.245206564669254,-2.0
1.1856017018475544,-1.96875
1.3916855171497131,-1.96875
1.1093239605826435,-2.0
1.0366714514521587,-2.0
1.3056704164335993,-2.0
1.0765843406438882,-2.0
1.388207810025614,-2.0
1.1884241004892309,-2.0
1.091041496442007,-2.0
1.3010034516220705,-2.0
1.4342187859228184,-2.0
1.1688154473496235,-2.0
1.3868396955632125,-1.90625
1.1839340542900785,-1.96875
1.2833078574624381,-1.9375
1.2886046949024061,-1.96875
1.0704254528703474,-1.96875
1.1952337480780026,-1.96875
1.1622024013934742,-2.0
1.4614662540107979,-2.0
1.474323437715915,-1.96875
1.1619547387800773,-2.0
1.3979820691558231,-2.0
1.152957648821422,-1.640625
1.317705818335746,-2.0
1.3898507714357098,-2.0
1.4400280399514434,-1.953125
1.1405307923753818,-2.0
1.2243054853406348,-1.96875
1.4142383842630926,-1.921875
1.2453000757155017,-2.0
1.1309802594492147,-2.0
1.3082741258010424,-1.96875
1.362980796754565,-2.0
1.2767988073704055,-2.0
1.0723751651575213,-1.96875
1.0564105192213185,-1.6875
1.452639362368085,-2.0
1.137564367819735,-2.0
1.3520764403024281,-1.9375
1.027723102767929,-1.96875
1.3997082405111754,-2.0
1.1898783593879991,-1.96875
1.0881181637253465,-2.0
1.2499372250958283,-1.96875
1.0091024397478563,-2.0
1.4789403925809765,-1.96875
1.0400623008597134,-2.0
1.4318004131320925,-1.890625
1.2484417607134117,-1.9375
1.435453638948341,-1.96875
1.173234716498253,-2.0
1.4938290896956838,-1.90625
1.0209958181372227,-2.0
1.4316795041082653,-1.9375
1.1809968002410782,-2.0
1.0074177217075775,-2.0
1.345920918025408,-2.0
1.4636848231990212,-1.96875
1.2056871885855356,-2.0
1.4450854915351858,-2.0
1.429516003429558,-2.0
1.4064058578375593,-2.0
1.2426019440562128,-2.0
1.067548526901135,-1.671875
1.178876699260532,-2.0
1.1331959654143675,-2.0
1.4109999827664716,-2.0
1.126985729234197,-2.0
1.0787953733143187,-2.0
1.4699350693130118,-2.0
1.0802935980586206,-1.96875
1.175862164424361,-2.0
1.4798101331982216,-2.0
1.224967091270925,-2.0
1.4553445117434247,-1.9375
1.11155306044155,-2.0
1.045253648191217,-2.0
1.1883470009622514,-2.0
1.2660298951841338,-2.0
1.0718140461943597,-2.0
1.1667196146368417,-1.96875
1.015040836369125,-2.0
1.2356872988550005,-1.609375
1.4429617215129316,-2.0
1.1745419552841958,-2.0
1.4734895091263627,-2.0
1.243544918709624,-2.0
1.1084743904173722,-1.96875
1.3493767356468993,-2.0
1.1043946949812737,-2.0
1.3411326235939989,-1.96875
1.4394043576224644,-1.921875
1.4144844435487083,-1.96875
1.3425172867379533,-1.5625
1.3139699169434997,-1.96875
1.4619262084341764,-1.953125
1.466402878217452,-1.90625
1.3128404835080654,-2.0
1.0312010265287173,-2.0
1.0975396747144888,-1.96875
1.477652104848519,-1.96875
1.4420678756297098,-1.96875
1.3584372945495828,-1.96875
1.1111379532064736,-2.0
1.1144010917484215,-2.0
1.3935471569490168,-2.0
1.2994734078890617,-2.0
1.495549772239397,-2.0
1.220267036852744,-2.0
1.0750250987253613,-2.0
1.1041000667601082,-2.0
1.0271365611525438,-1.703125
1.2256633571985533,-2.0
1.1940106113256634,-2.0
1.043935861717677,-2.0
1.2166037923142603,-2.0
1.4593856291063596,-1.90625
1.4251586121618016,-1.9375
1.2450725366725273,-2.0
1.0447503728654672,-2.0
1.356428617643099,-2.0
1.19697870677337,-1.625
1.3366174296404318,-2.0
1.441423890701902,-2.0
1.2724232652513163,-2.0
1.2357123810990687,-2.0
1.3281094263884294,-1.96875
1.059174640901614,-2.0
1.0993503915904874,-2.0
1.086280913275668,-2.0
1.0630220645343318,-1.96875
